appID, appName,rating,max_installs,category
com.arcsoft.perfect365,Perfect365: One-Tap Makeover,4.3,53849836,Beauty
mmapps.mirror.free,Mirror Plus: Mirror with Light for Makeup & Beauty,4.3,41505377,Beauty
com.lyrebirdstudio.beauty,Beauty Makeup Editor: Beauty Camera; Photo Editor,4.1,32076828,Beauty
com.northpark.beautycamera,Beauty Camera - Selfie Camera,4.1,23919811,Beauty
com.Fashion.Nails.Girls.Game,Fashion Nails 3D Girls Game,3.7,16085429,Beauty
com.perfectcorp.ycn,YouCam Nails - Manicure Salon for Custom Nail Art,4.3,15838380,Beauty
com.dsrtech.menhairstyles,Hairy - Men Hairstyles beard & boys photo editor,3.9,11666465,Beauty
com.luckystars.hairstylesstepbystep,Hairstyles step by step for girls,4.1,9457429,Beauty
jp.hotpepper.android.beauty.hair,ãƒ˜ã‚¢&ãƒ“ãƒ¥ãƒ¼ãƒ†ã‚£ãƒ¼ã‚µãƒ­ãƒ³æ¤œç´¢/ãƒ›ãƒƒãƒˆãƒšãƒƒãƒ‘ãƒ¼ãƒ“ãƒ¥ãƒ¼ãƒ†ã‚£ãƒ¼,4.5,9434775,Beauty
com.dsrtech.macho,Macho - Man makeover app & Photo Editor for Men,3.8,9180397,Beauty
com.tj.dslrprofessional.hdcamera,DSLR HD Camera : 4K HD Camera Ultra Blur Effect,3.9,9026840,Beauty
heart.crown.camera.effect.snap.photoeditor.heartcrowncamera.stickers,Crown Editor - Heart Filters for Pictures,3.9,7813579,Beauty
com.piupiuapps.hairstyles,Hairstyles step by step,4.4,7651901,Beauty
best.photo.app.weddinghairstyles2018,Wedding Hairstyles 2020,3.9,7568433,Beauty
com.tool.beauty.plus.beautycamplus,Beauty Cam : Beauty Plus Camera,3.4,7496085,Beauty
com.yuapp.beautycamera.selfie.makeup,YuFace: Makeup Camera; Makeover Face Editor Magic,4.4,7413964,Beauty
google.free.icequeen.peachygamesllc,Ice Queen - Dress Up & Makeup,4.2,7313753,Beauty
com.lomographic.vintage.camera.filters,camera for instagram filters & effects: IG filters,4.2,6484792,Beauty
beauty.selfiecamera.beautycam.youbeautymakeup,Beauty Camera : You Makeover Plus Selfie,3.8,6437540,Beauty
kr.co.company.hwahae,Hwahae - analyzing cosmetics,4.1,6200451,Beauty
com.jkfantasy.camera.jkpmirrorcamera,Mirror Camera  (Mirror + Selfie Camera),4.2,5974006,Beauty
best.photo.app.womanjewelry,Woman Jewelry Best Jewellery,3.7,5548857,Beauty
com.barilab.handmirror.googlemarket,Mirror - Zoom & Exposure -,4.2,5512654,Beauty
pcm.art.heart.camera,Heart Camera,3.6,5377974,Beauty
com.VAD.Short.Dress.Girl.Photo.Montage,Short Dress Girl Photo Montage,3.3,5371585,Beauty
net.booksy.customer,Booksy - book local beauty appointments 24/7,4.9,5058909,Beauty
haircolour.hairstyle.photoeditor.haircolorchanger,Hair Color Changer: Change your hair color booth,3.8,5003504,Beauty
crown.heart.photo.editor,Crown Heart Photo Editor,4.2,4867568,Beauty
com.sephora,Sephora - Buy Makeup; Cosmetics, Hair & Skincare,4.7,4770168,Beauty
br.art.code.meucronogramacapilar,My Capillary Schedule,4.8,4646425,Beauty
photo.smile.red.eyes.changer.color,FoxEyes - Change Eye Color by Real Anime Style,4.2,4643607,Beauty
kynguyen.app.mirror,Mirror - Makeup and Shaving - Compact mirror,4.6,4457275,Beauty
net.braincake.pixl.pixl,Pixl - Face Retouch & Blemish Remover Photo Editor,4.5,4229742,Beauty
com.ulta,Ulta Beauty: Shop Makeup; Skin, Hair & Perfume,4.7,4086092,Beauty
emoji.photo.editor,Emoji Photo Editor,4,3969899,Beauty
dsa.filters.for.selfie,Filters for SC & Face,4,3843911,Beauty
frm.art.sweet.selfie.camera,Sweet Face Camera,3.8,3830978,Beauty
com.zhanlang.changehaircut,Hairstyle Try On - Hair Styles and Haircuts,2.5,3164946,Beauty
emoji.background.photo.editor,Emoji Background Photo Editor,3.8,2994569,Beauty
com.makeup3d.camera.photo.editor,3D Camera Photo Editor,3.8,2986613,Beauty
com.wasafat.tabiia.lijamalik,ÙˆØµÙØ§Øª Ø·Ø¨ÙŠØ¹ÙŠØ© Ù„Ø¬Ù…Ø§Ù„Ùƒ,4.6,2961129,Beauty
cas.rainbow.camera.photo.editor,Rainbow Camera,3.9,2918821,Beauty
best.photo.apps.makeup,Makeup Photo Editor,3.4,2915495,Beauty
com.makeup.photo.grid.salon,Makeup Photo Grid Beauty Salon-fashion Style,3.6,2899296,Beauty
air.com.winkypinky.dressuproyalprincessdoll,Dress Up Royal Princess Doll,3.8,2890093,Beauty
com.ipsy.mobile.production,IPSY: Makeup; Beauty, and Tips,4.7,2840204,Beauty
com.luckystars.haircolorchanger,Hair color changer - Try different hair colors,2.9,2811406,Beauty
makeup.selfiecamera.beautycam.beautyplus,Beauty Plus Camera - Selfie Makeup,3.5,2691779,Beauty
princess.hair.changer.bestphotoapps,Girls Hair Changer ğŸ‘¸ğŸ¼ğŸ‘¸ğŸ»,3.9,2551526,Beauty
com.Wedding.Dress.Maker.Game,Wedding Dress Maker and Shoe Designer Games,3.7,2475282,Beauty
com.kakao.beauty.hairshop,ì¹´ì¹´ì˜¤í—¤ì–´ìƒµ KakaoHairshop,4.4,2430687,Beauty
truefunapps.hairstyles,Hairstyles for short hair,4.2,2372337,Beauty
com.fakeconversations,MY Blood Pressure,3.8,2343538,Beauty
best.photo.app.girlshairstyles,Girls Hairstyles,3.7,2276624,Beauty
com.avon.avonon,Avon ON,4.1,2246097,Beauty
com.sweetandbeautyhdcameras.stepstepmakeup,Step by step makeup (lip; eye, face) ğŸ’,3,2237872,Beauty
com.amorepacific.handset,ë·°í‹°í¬ì¸íŠ¸ - í™”ì¥í’ˆ ì •ë³´ì™€ í¬ì¸íŠ¸í˜œíƒì˜ ëª¨ë“  ê²ƒ,4.3,2213830,Beauty
com.sleet.beautyplastic,ë°”ë¹„í†¡ - ì„±í˜• & ë·°í‹° ì»¤ë®¤ë‹ˆí‹°,4,2187317,Beauty
com.LM.BPC,Beauty Parlor Course,3.8,2101384,Beauty
com.magicvfacemakeup.beauty.makeup.camera.selfie.photoeditor.dailyaims,Face Beauty Makeup Camera-Selfie Photo Editor,4.3,2056245,Beauty
com.faceenhancer.android,Face Beauty Makeup Camera,3.8,2052567,Beauty
com.trove,TroveSkin: Your Skincare Coach,4.5,2046130,Beauty
com.bwf.eye.color.changer.colour.photo.editor,Eye Color Changer - Change Eye Colour Photo Editor,3.8,1978753,Beauty
neon.light.photo.editor,Neon Photo Editor,3.6,1956035,Beauty
com.dsrtech.bridally,Bridally - Wedding Makeup Pro Photo Editor picsapp,3.5,1938389,Beauty
com.Voodamdee.Photos.Camera.B912SelfieCamera,B912 Selfie Camera,3.9,1937056,Beauty
com.sweetandbeautyhdcameras.makeup,i learn to make up (face; eye, lip),2.9,1925321,Beauty
com.royalbridaldressphotomaker.piceditor,Royal Bridal Dress Photo Maker,4,1911939,Beauty
com.Voodamdee.Photos.Camera.B613SelfieCameraNewVersion,B613 Selfie Camera New Version,3.8,1890916,Beauty
com.northpark.periodtracker,Period Tracker - My Calendar,4.6,1890910,Beauty
apps.yamayka.beautifulhair,Nails.Makeup.Hairstyle,3.9,1837123,Beauty
com.Fashion.Nail.Salon.Game.Manicure.And.Pedicure.App.Vex,Fashion Nail Salon Game: Manicure and Pedicure App,4,1805605,Beauty
pcm.light.crown.photo.editor,Light Crown Photo Editor,4.2,1766512,Beauty
yamayka.apps.BeautifulHairstyle,Hairstyles step by step,4.1,1754287,Beauty
cofs.live.face.sticker.sweet.camera,Live face sticker sweet camera,4.1,1731698,Beauty
beautymakeup.selfiecamera.beautycam.beautyplus,Beauty Plus - Selfie Beauty Camera,3.6,1724914,Beauty
com.abto.morenails,Nail Gamesâ„¢ Top Girls Makeup and Makeover Salon,3.8,1712000,Beauty
yamayka.apps.NailsTutorial,Collection of Nails Designs,4.1,1700961,Beauty
com.glowdayz.glowmee,ê¸€ë¡œìš°í”½ (GLOWPICK),4.1,1693841,Beauty
in.letstartup.GoraTips,à¤—à¥‹à¤°à¤¾ à¤¹à¥‹à¤¨à¥‡ à¤•à¥‡ à¤†à¤¯à¥à¤°à¥à¤µà¥‡à¤¦à¤¿à¤• à¤¤à¤°à¥€à¤•à¤¼à¥‡ à¤¤à¤¥à¤¾ à¤‰à¤ªà¤¾à¤¯,4.2,1687136,Beauty
com.ui.monyapp,ì–¸ë‹ˆì˜íŒŒìš°ì¹˜ - ì¦ê±°ìš´ ë·°í‹°; í˜œíƒì„ ë‹´ë‹¤.,4.5,1655472,Beauty
photo.smile.hair.eyes,Sharingan - Eyes And Hair Color Changer,3.8,1652776,Beauty
com.girlshairstyle.girlshairstylesoffline,Girls Hairstyles Step By Step 2021,4.6,1639139,Beauty
com.lajeuneandassociatesllc.barberchopdev,Barber Chop,4,1624422,Beauty
com.gamecrush.modernstylistfashionindianweddingrituals,Modern Stylist Fashion Indian Wedding Rituals,4.1,1566522,Beauty
com.best.photo.app.weddingdresses,Wedding Dress Photo Montage ğŸ’–,3.6,1560423,Beauty
com.vanford.FaceBlemishesClean,Face Blemishes Cleaner & Photo Scars Remover,3.8,1549111,Beauty
com.High.Heels.Designer.Girl.Games,High Heels Designer Girl Games,3.7,1513582,Beauty
selfie.photo.apps.rhinoplasty,Rhinoplasty,2.5,1476863,Beauty
com.perfectcorp.amb,Artistry Virtual Beauty,4,1419702,Beauty
com.makeup.beauty.face.facebeauty.camera,Face Beauty Camera - Easy Photo Editor & Makeup,4.1,1418102,Beauty
com.jewelleryphotoeditorfree.android,Jewellery Photo Editor,3.6,1414647,Beauty
com.Makeup.Games.Girls,3D Makeup Games For Girls,2.8,1408212,Beauty
com.girls.hairstyle.images,Girls Hairstyle Step by Step,3.6,1396759,Beauty
com.gangnam.sister,GangnamUnni - Cosmetic Surgery & Reviews,4.4,1383953,Beauty
com.filters.forMusically.filters4musically,Filters for Musically,3.6,1381099,Beauty
com.quotes.arabic,Blood Sugar,4,1344816,Beauty
face.youcam.selfie.makeup.camera.beauty.makeover.photoeditor,Face Makeup Camera - Beauty Makeover Photo Editor,3.6,1335041,Beauty
com.nailart.beautyandbesticamera,You Face Beauty Makeup & Blur Your Photo editor,4.4,1335022,Beauty
com.appzdreamer.hairstylechangerfemale,Hairstyles Step by Step for Girls 2020 Video Image,3.8,1334886,Beauty
skin.beauty.xtandroid.dailybeautycare,Daily Beauty Care - Skin; Hair, Face, Eyes,4.5,1327981,Beauty
com.chamsDohaLtd.Tools.Zakhrafa,Ø²Ø®Ø±ÙØ© Ø§Ù„ÙƒØªØ§Ø¨Ø© Ø¨ÙƒÙ„ Ø§Ù†ÙˆØ§Ø¹ Ø§Ù„Ø®Ø·ÙˆØ· Ø§Ù„Ø¹Ø±Ø¨ÙŠØ© ÙˆØ§Ù„Ø§Ù†Ø¬Ù„ÙŠØ²ÙŠØ©,4.2,1308000,Beauty
beauty.picshop.sweet.snap.live.filter.snap.cat.face.camera,Sweet Snap Live Filter - Snap Cat Face Camera,4,1293639,Beauty
cofs.sweet.face.camera.light.crown.photo.editor,Sweet Face Camera 2021,3.9,1282215,Beauty
com.filters.forSnapchat.filters4Snapchat,Filters for Snapchat ğŸ’— cat face & dog face ğŸ˜,3.6,1262074,Beauty
com.andromo.dev759880.app845507,Haircuts Men 2021 ğŸ’ˆ,4.2,1223259,Beauty
com.wahanda.marketplace,Treatwell: Book Beauty appointments Nearby 24/7,4.9,1219707,Beauty
com.ophotovideoapps.facenhancer,Face Enhancer - Photo Face Blemishes Remover,3.7,1213295,Beauty
com.superdev.photoeditor.manhairstyle,Man Hairstyles Photo Editor,4,1169835,Beauty
com.PromMakeupTutorial.MintamaApps,Prom Makeup Tutorial,3.7,1158630,Beauty
com.princess.fashion.photo.montage.best,Princess Gown Fashion Photo Montage,3.8,1147306,Beauty
com.jwry.myphotos,Jewellery Photo Editor,3.6,1140199,Beauty
com.lipscosme.lips,LIPS(ãƒªãƒƒãƒ—ã‚¹) - ã‚³ã‚¹ãƒ¡ãƒ»ãƒ¡ã‚¤ã‚¯ã®ã‚¯ãƒã‚³ãƒŸæ¤œç´¢ã‚¢ãƒ—ãƒª,4.5,1139791,Beauty
com.styleseat.promobile,StyleSeat - Book Beauty & Salon Appointments,4.8,1100350,Beauty
com.app.sugarcosmetics,SUGAR Cosmetics: Beauty and Makeup Shopping App,4.5,1092565,Beauty
com.cognivint.iacr,Face Acne Remover Photo Editor App,3,1057766,Beauty
com.studio360apps.mirror,Mirror,4.4,1028488,Beauty
maa.emoji_background_photo_editor,Emoji ğŸ’š Backgrounds Photo Editor,4.1,1027984,Beauty
google.free.moviestar.peachygamesllc,Movie Star Salon,4.4,1000155,Beauty
com.smartsoftasia.perfume,PERFUMIST Perfumes Advisor,4.6,996160,Beauty
com.EricBROU.Natte_Tresse_Femme_Enfant,Braid Hairstyle Woman & Child,4.7,982700,Beauty
com.sobkhobor.haircut,Men Hair style photo Editor,3.9,957944,Beauty
net.booksy.business,Booksy Biz: Smart Scheduling and Business Tools,4.6,952869,Beauty
best.photo.app.manhairstyles2018,Man Hairstyles Photo Editor,2.4,947955,Beauty
cover.maker.filter.selfie,Filter for Selfie,3.6,932705,Beauty
com.makeuptuto.natural,Face Makeup Pictures,3.1,929935,Beauty
com.Hair.Salon.Games,Hair Salon Games For Girls,3,905859,Beauty
best.photo.app.womanhairstyles2019,Hairstyle ğŸ’‡ğŸ¼,3.2,903085,Beauty
com.mw.hd.mobile.mirror.pro,Mirror Pro 2020,4.6,891264,Beauty
com.foreo.foreoapp,FOREO For You,3.6,887750,Beauty
africanbraids.hair,African Braid Styles,4.1,886438,Beauty
com.sallybeauty.shop,SALLY BEAUTY - Shop Hair Color; Hair Care & Beauty,4.3,881092,Beauty
geeta.apps.girlympictures,Girly m Pictures & Quotes,4,879683,Beauty
br.com.espacolaser.Agendamento,EspaÃ§olaser,3.6,879263,Beauty
hairstyles.hairstylesstepbystep.schoolhairstyles.hairstyle2.hairstylesgirls.hairstylestepbystep.hairstyle,Hairstyle app: Hairstyles step by step for girls,4.2,878933,Beauty
com.mobilemirror.app2018.mirror,Mirror,4.5,868809,Beauty
com.kdmedia.nailsdesigns,Nail Art Designs ğŸ’… - Manicure ideas; Nail polish,4,861172,Beauty
kr.co.womanstalk,ìš°ë¨¼ìŠ¤í†¡ - ë·°í‹°/íŒ¨ì…˜/ë¼ì´í”„ ìŠ¤íƒ€ì¼ê¹Œì§€ ì¸í”Œë£¨ì–¸ì„œì˜ ìŠ¤íƒ€ì¼ì„ ì‡¼í•‘í•˜ë‹¤.,1.9,856549,Beauty
com.BeautifulMakeup.MobileDevAppLtd,Beautiful Makeup 2021,3.6,854645,Beauty
com.filter.camera.stickers.tiktokfilter.snapchat,Filter for snapchat - Amazing Snap camera Filters,4,853128,Beauty
jp.mixi.minimo,minimoï¼ˆãƒŸãƒ‹ãƒ¢ï¼‰24æ™‚é–“ãŠå¾—ã«ã‚µãƒ­ãƒ³äºˆç´„ï¼ãƒ˜ã‚¢ã‚„ãƒã‚¤ãƒ«ã€ã¾ã¤ã‚¨ã‚¯ã€ã‚¨ã‚¹ãƒ†ã‚‚è¦‹ã¤ã‹ã‚‹ï¼,4.4,838361,Beauty
br.com.eudora.apprepresentante,Representante Eudora,2.5,829052,Beauty
com.xtreme_.hairstylesstepbystep,Hairstyles,4.1,828546,Beauty
luxury.art.neon.horns.devil.crown.photo.editor,Neon Horns Devil - Neon Devil Crown Photo Editor,4.1,828027,Beauty
apps.popup.NewArabicMehndiDesign,New Arabic Mehndi Design 2020,4.1,815564,Beauty
com.thirtyshine.customercare,30Shine,3.5,775335,Beauty
com.NiceOne.App,Nice One | Ù†Ø§ÙŠØ³ ÙˆÙ†,4.3,759475,Beauty
sweetgirl.prommakeupgallery,Prom MakeUp Tutorial,3.7,755225,Beauty
com.girlsgames.indiangirlsalon,Indian Girl Salon - Indian Girl Games,3.8,753935,Beauty
com.astralwire.photo.editor.makeup.camera,Beauty Photo Editor;Pretty Makeup & Selfie Camera,4.2,742517,Beauty
com.philips.platform.lumea,Philips Lumea IPL,4.4,738531,Beauty
com.learnstiching.dresscutting_methods,2020 Dress Cutting Tutorials Step By Step,3.8,725040,Beauty
com.girlweddingdresses.android,Girl Wedding Dress - Bridal Dress Photo Editor,3.7,724446,Beauty
com.livql.newmakeupdesigns,Makeup Tips 2021,3.5,718499,Beauty
live.face.beauty.sweet.snap_beauty.camera,Sweet Snap Beauty Camera,4.1,716078,Beauty
com.shophush.hush,Hush - Beauty for Everyone,3.8,708463,Beauty
com.piupiuapps.makeup,Makeup Tutorial step by step,4,707678,Beauty
com.bal.badana,à¤¬à¤¾à¤² à¤¬à¥à¤¾à¤¨à¥‡ à¤•à¥‡ 119 à¤˜à¤°à¥‡à¤²à¥‚ à¤‰à¤ªà¤¾à¤¯,4.3,703378,Beauty
maa.emoji_photo_editor_cute_emoji_background,Emoji Photo Editor ğŸ’™ (Emoji & Crown Heart Emoji),4.2,703204,Beauty
com.dsrtech.traditionalgirl,Traditional Girl Photo Suits - Traditional Dresses,4,698465,Beauty
com.belleza.peinados.ninas,Hairstyles for girls easy modern and funny,4.4,696577,Beauty
com.startapp.appbarber,AppBarber,4.8,687502,Beauty
com.MakeuP.TutoRial,Makeup Tutorial Step by Step 2018,3.2,681689,Beauty
best.boy.hairstyle.camera,Boy Hairstyle Camera,3.9,675491,Beauty
com.donutsbkk.sistacafeapplication,SistaCafe,4.3,669236,Beauty
com.beautyparlourkhud.gurleen,Beauty Parlour khud Se,0,668525,Beauty
com.rosytales.highheelsfashionworld,High Heels Fashion World,3.5,668231,Beauty
com.Fashion.Nail.Salon.Games,Fashion Nail Salon Games 3D,4.2,664250,Beauty
com.Girls.Fashion.Entertainment.School.Girls.Hair.DressUp.Salon,School Girls Hairdo braid hair Style Makeup Artist,3.6,662305,Beauty
com.collage.m2,Facelab - Face Editor; Selfie Photo Retouch App,3.9,658962,Beauty
com.niskapus.hairstyles,Hairstyles Step by Step Videos (Offline),4.5,657906,Beauty
yesmadamservices.app.com.yesmadamservices,Yes Madam - Super Safe Salon At Home & Wellness,4.7,655378,Beauty
com.innovapps.maquillajeparahombres,Makeup Course for Men,3.8,638949,Beauty
com.dot.matrix.mehedidesign,New Mehndi Design,4.1,636986,Beauty
blush.kawaii.faceapp.anime.stickers,Blush: red cheeks; shy face, kawaii anime stickers,4.3,623862,Beauty
com.JonsRonaldo.Wallpapers2018,New Ronaldo Wallpapers 2020,4.3,621119,Beauty
com.mendone.softlens.editor,Real Softlens Photo Editor,3.9,607677,Beauty
com.filter.forMusically,Emoji Selfie Camera,3.6,606182,Beauty
sweet.face.camera.live.filter.selfie,Live selfie photo edit - Sweet face camera,3,603721,Beauty
maa.emoji_background_photo_editor.emoticon,Emoji Background Photo Editor & Emoji Wallpaper ğŸ’›,3.8,585221,Beauty
pcm.face.emoji.photo.editor,Face Emoji Photo Editor,4.2,585088,Beauty
com.v4.mahmoud.bashra,Ø¯Ù„ÙŠÙ„ Ø§Ù„Ø¹Ù†Ø§ÙŠØ© Ø¨Ø§Ù„Ø¨Ø´Ø±Ø© - Ø¨Ø¯ÙˆÙ† Ø§Ù†ØªØ±Ù†Øª,4.4,577259,Beauty
com.africanbraids2019.tegy,AFRICAN BRAIDS 2020,4.4,577025,Beauty
angle.wings.photo.effects,Angel Wings Photo Effects,3.8,565192,Beauty
com.pixelsdev.beautymakeupcamera,Beauty Makeup Camera - Selfie Beauty Photo Editor,3.6,560305,Beauty
com.EricBROU.modele_tenue_pagne_africain,African Print fashion ideas,4,556323,Beauty
discover.color.clothes,Discover Color Outfit Ideas,3,551125,Beauty
com.ciltbakimiveguzellik,Cilt BakÄ±mÄ± - DoÄŸal GÃ¼zellik - Cilt SaÄŸlÄ±ÄŸÄ± -Diyet,4.7,549166,Beauty
com.stikerwa.sendiri,StikerWA - WA Sticker Maker Creator,3.6,530555,Beauty
mobility.studio.live.face.sticker.sweet.camera,Live Face Sticker Sweet Camera,5,530280,Beauty
br.com.singu,Singu - Delivery de beleza e bem-estar,4.3,529377,Beauty
com.goshi.jewellery.bridalmakeup.indianjewellery,Jewellery Photo Editor; women fashion jewellery,3.9,519217,Beauty
com.studio.junkylogic.girlshairstyle,Hairstyles step by step for girls,4.4,516783,Beauty
yamayka.apps.Makeup,Eyes Makeup Tutorial,4,515874,Beauty
smaartgr.hair.styles,Women Hairstyles Ideas,3.6,511662,Beauty
com.bonibon.LongNails,Long Nails,3.7,509046,Beauty
air.com.winkypinky.coverfashiondolldressup,Cover Fashion - Doll Dress Up,3.8,503356,Beauty
com.app.pureple,Pureple Outfit Planner,3.7,502761,Beauty
jp.co.istyle.atcosme,@cosme åŒ–ç²§å“ãƒ»ã‚³ã‚¹ãƒ¡ã®ã‚¯ãƒã‚³ãƒŸãƒ©ãƒ³ã‚­ãƒ³ã‚°&ãŠè²·ç‰©,4.3,497269,Beauty
com.ispg.shopchula,Chula - Makeup Store: Cosmetics; Skincare & more.,3.9,496806,Beauty
com.utech.offlinemehndidesigns,Mehndi Designs Offline,4.6,496742,Beauty
com.virtualive.hairfitglobal,Hairfit - k-pop hairstyle simulator,3.1,495114,Beauty
com.alubuski.hairstylestepbystep,Hairstyles Step by Step DIY,3.8,495001,Beauty
com.twistsoft.getgorgeous,GetGorgeous,4.2,490486,Beauty
com.oriflame.skinexpert,Oriflame SkinExpert,3.8,487417,Beauty
com.livevideomaker.funnycameraapp,Camera filter for snappchat,4,487040,Beauty
com.tachyonbnt.ticker,TICKER í‹°ì»¤ -  ë·°í‹° ëœì„  ë¼ì´í”„  í”Œë«í¼,3.5,483358,Beauty
com.filterfor.selfie.snapchat.sweetsnap,Filter for Selfie - Sweet Snap Face Camera,4.1,482768,Beauty
best.photo.app.hair.styler,Hair Styler Photo Editor,2.4,481998,Beauty
farmasigirisim.onnet.com.farmasigiriim,Farmasii GiriÅŸim Ãœyelik/KayÄ±t,4.8,467382,Beauty
pl.moment.mobile,Moment.pl - book hair and beauty appointments,4.9,463985,Beauty
frame.art.master.sweet.sefie.snap.camera,Sweet Snap Beauty Camera,3.7,462800,Beauty
com.livql.simplemehndidesigns,Simple Mehndi Designs 2021,3.7,457205,Beauty
com.birchbox.birchbox,Birchbox,3,455910,Beauty
com.bwf.eye.hair.color.changer.colour.photo.editor,Eye; Hair Color Changer: Eye Colour Photo Editor,2.9,450570,Beauty
com.splathaircolor.android,Splat Hair Color - Selfie Studio,2.3,447234,Beauty
com.rosytales.fluffykittyhairsalon,Fluffy Kitty Hair Salon,4.1,445189,Beauty
com.zhiliaoapp.TikTok,Top Ringtones from Tik music,4,444655,Beauty
com.tza.peacockframes,Peacock Photo Frames HD,3.9,440988,Beauty
com.sweetcamera.collageeditor.photomaker,Sweet Camera - Selfie Beauty Camera; Filters,3.4,439832,Beauty
com.text.on.photo.quotes.creator,Text On Photo & Photo Text Editor : Texture Art,4,436829,Beauty
luxury.art.live.face.camera.free.cute.funny.motion.sticker,Live Face Camera Free Cute s Funny Motion Sticker,4,434534,Beauty
best.photo.app.mermaid,Mermaid Photo ğŸ§œğŸ»â€â™€ï¸,4.1,430138,Beauty
com.appy.hairstylesnailartfemale,Hairstyle Nail Art Designs for Girls 2020 Free app,4,428747,Beauty
fr.officinea.cleanbeauty,Clean Beauty,4,427957,Beauty
com.BraidHairstyleforBlackWomen.MintamaApps,Braid Hairstyle for Black Girl,4.1,426514,Beauty
face.blemishes.blackheads.fairskin.pimples.acne.wrinkles.xtapps.facecare,Skin and Face Care - acne; fairness, wrinkles,4,421179,Beauty
com.nisi.tips.beauty,LÃ m Ä‘áº¹p - ChÄƒm sÃ³c da vÃ  lÃ m Ä‘áº¹p tá»± nhiÃªn,4.6,418994,Beauty
com.studiokevin.emojicamera.sweetemoji3d,3D Emoji Face Camera - Filter For Tik Tok Emoji,4,416872,Beauty
com.hob.app,Boddess: Buy Cosmetics; Makeup.Beauty Shopping App,4,413757,Beauty
cofs.heart.camera,Heart Camera - Heart Crown Photo Editor,4.1,413156,Beauty
live.face.beauty.sticker.sweet.camera,Live Face Sticker Sweet Camera Offline,4,411047,Beauty
com.woman.jewelry.photo.editor,Jewelry - Women Jewellery Photo Editor ğŸ’›,3.9,410001,Beauty
com.CuteGirlsHairstyles.GirlsHairstyleDesigns,Cute Girls Hairstyles 2020,3.5,407666,Beauty
com.eidmehndi.design.bridalmehndi.mehndidesign,Eid Mehndi Design 2021 - Latest Bridal mehndi,3.9,407559,Beauty
com.amazingapps24.mascarillascaseras,Mascarillas de belleza en casa,4.5,401889,Beauty
so.camera.live.face.filter,Face Camera Live Filter Selfie Photo,3.5,400373,Beauty
com.superdiva.photoeditor.glasses,Glasses Photo Editor,3.4,399918,Beauty
b501.magic.effect,B501,4,398978,Beauty
com.glasses.selfiesunglasses.photolab.beautyplus.photoeditor,Glasses Photo Editor Pics,3.1,397208,Beauty
african.braids.hair,African Braided Hairstyles,4.3,386899,Beauty
com.Nail.Salon.Design.Art.Manicure.Game,Nail Salon - Design Art Manicure Game,3.5,383899,Beauty
photoeditor.makeup.camera.cartoon.selfie.beauty.makeover,Makeup Camera - Cartoon Photo Editor Beauty Selfie,3.7,383002,Beauty
kr.co.igrove.android.powderroomplus2,íŒŒìš°ë”ë£¸ - ë·°í‹°íŠ¸ë Œë“œ; ë¦¬ì–¼ë¦¬ë·°, ë¬´ë£Œì²´í—˜ë‹¨, í• ì¸ì‡¼í•‘,3.4,377102,Beauty
com.dirar.hikamanglaiskhalfiyatgirlymjamillasowarbanat,ØµÙˆØ± Ø¨Ù†Ø§Øª Ø¬ÙŠØ±Ù„ÙŠ ÙƒÙŠÙˆØª,4.4,376460,Beauty
com.twoweeksapps.facemask,Face mask - medical & surgical mask photo editor,3.7,376245,Beauty
com.men.hairstyle.camera,Men Hairstyle Camera,4.3,374776,Beauty
com.meituudailysolution.makeup.camera.plus.beautyface.photoeditor.youcammakeup,Makeup Camera Plus - Beauty Face Photo Editor,3.7,374013,Beauty
com.eyelashes.eyebrow.photo.editor.makeup,Eyelashes Photo Editor,3.4,367156,Beauty
com.cb.hair.salon.girls.makeover.games,Fashion Hair Stylist - Superstar Salon Games,4.2,364327,Beauty
com.presto.salon.ylghome,YLG @Home â€“ Salon Beauty Services at Home,4.2,363398,Beauty
com.fdbr.android,Female Daily,4.4,359152,Beauty
com.mehndi.mehndidesigns2020offline,Best Mehndi Designs,4.8,356154,Beauty
face.makeup.editor.prettymakeover.beauty.selfie.photo.camera,Face Makeup Editor - Beauty Selfie Photo Camera,3.3,355766,Beauty
biz.belcorp.maquillador,Asesor de belleza,2.8,351189,Beauty
com.cb.weddingdesigner.eventdesigner.weddinggames,Princess Wedding Planner-Dress up & Make up Salon,4,350824,Beauty
barsa.perfect.magic.selfie.virtual.makeup.camera,Face Makeover Camera-Perfect Magic Photo Editor,3.8,350172,Beauty
com.africanlacefashion.app,African Lace Fashion & Style 2021,4,344640,Beauty
com.braidshairstyles.primex,BRAID HAIRSTYLES 2021,4,341274,Beauty
com.rahulbt2004.Rupali_Boutique,Women's Online Fashion Shopping At Rupali Boutique,3.9,339419,Beauty
com.ahlabanat.khalfiat,Ø£Ø­Ù„Ù‰ Ø¨Ù†Ø§Øª: ØµÙˆØ± Ùˆ Ø®Ù„ÙÙŠØ§Øª,4.1,338761,Beauty
com.Fes.FashionNailArtManicureSalonGameForGirls.NailDesign,Fashion Nail Art - Manicure Salon Game for Girls,3.6,337995,Beauty
com.spapian.babyfrockdesigns,Baby Frock Designs,4.2,337935,Beauty
com.masrio.losefats2018,ØªØ®Ø³ÙŠØ³ ÙˆØ´Ø¯ Ø§Ù„ØªØ±Ù‡Ù„Ø§Øª 2020,4.2,336841,Beauty
air.com.winkypinky.highschoolforprincess,Highschool for Princess,3.6,336152,Beauty
com.leciseau.leciseaucustomer,Kiute ex LeCiseau - Vos RDV coiffure et beautÃ©,4.6,334481,Beauty
com.andromo.dev759880.app852471,Men's Fashion 2021,3.9,331383,Beauty
com.Outfits.Ideas.Trends,Outfits Ideas 2021,4,328704,Beauty
xyz.naina.hennadesigns,Henna Designs,4.1,327348,Beauty
jp.nailbook,Nailbook - nail designs/artists/salons in Japan,4.4,325653,Beauty
com.cylonblast.homemadebeautyguidesfacialcare,Homemade Beauty Guides: Facial Care,4,325558,Beauty
com.sweetsnap.SnapCat.FaceCamera.sweetface.snapchat,Sweet Snap Camera Lite - Snap Cat Face Camera,4.2,324686,Beauty
com.beauty.camera.youcam.makeup.photoeditor.plus,Beauty Camera Plus - Sweet Camera ; Face Selfie,3.8,323684,Beauty
com.beautyperfect.hanbokkoreanweddingdress,Hanbok Korean Wedding Dress,0,322501,Beauty
com.w_10192061,ØªØ¹Ø§Ù„ Ù†Ø±ØªØ¨Ø· Ø¯Ø±Ø¯Ø´Ø© Ø¨Ù†Ø§Øª Ø­Ù„ÙˆØ§Øª,3.7,320666,Beauty
jsn.selficambeauty,DSLR Selfie - Selfie Camera;beauty Cam,photo edit,3.6,317821,Beauty
com.new_eid.mehndi.designs_2018,Trendy Eid Mehndi Designs â€“ Henna Eid Designs 2020,4.1,315096,Beauty
com.best.photo.apps.hair.color.change,Hair Color Changer ğŸ’ğŸ»,2.8,314907,Beauty
ru.dikidi,DIKIDI Online,4.9,309437,Beauty
com.beauty.plus.camera.selfie,Beauty Camera Filter,3.9,308820,Beauty
com.lz.baby.girl.salon.makeover.dressup,Baby Girl Salon Makeover - Dress Up & Makeup Game,3.5,308800,Beauty
desireapps.photo.editor.beauty.camera.plus.makeup,Beauty Plus Camera : Selfie Beauty Camera 2021,3.7,306182,Beauty
kr.bskco.thebodyshop,THE BODY SHOP,1.9,305991,Beauty
com.pandora.jewelry.store.app,Jewelry for Pandora,2.7,305378,Beauty
com.mygoldapps.gozmakyaj,Examples of eye makeup (Step by step),4.1,305305,Beauty
com.best.braces.camera,Braces Camera,3.7,304277,Beauty
br.com.zucas.cabeleira,Cronograma Capilar com Dicas - Cabeleira,4.2,302361,Beauty
com.adit.besthairstyle,Best Hairstyles step by step DIY,4.3,295403,Beauty
com.photoeditor.and.games.hairstyle,Hairstyles Photo Editor,3.6,291475,Beauty
com.new_stylish.mehndi.designs,2020 All Trendy Mehndi Designs,4,289684,Beauty
videotool.beautycamera.filtercamera.photoeditor,Beauty Selfie Camera - Filter Camera; Photo Editor,4,284576,Beauty
com.appseunais.comohacercrecerlasunas,Como Hacer Crecer Las UÃ±as,4.1,283574,Beauty
com.greenzero.hairtrendx,Woman & Girl Hair Styler App - Hair Color Changer,2.8,283007,Beauty
com.slimewallpaper.sdem,Slime Wallpapers,3,281868,Beauty
com.princessdress.photomaker,Princess Dress Photo Maker 2019,4,280875,Beauty
com.tikamori.face.age.recognition,Photo analyzer FaceAge - How Old do I look camera,3.9,280037,Beauty
com.philosophy.bilou,bilou,3.8,279711,Beauty
com.jk.bridalmakeupJewellery.stylishJewellery.cameraJewellery,Exciting Women Jewellery Photo Editor,3.2,277887,Beauty
com.barastudio.modernmuslimweddingcouplephotosuit,Modern Muslim Wedding Couple Photo Suit,3.7,276523,Beauty
com.rjtgames.hijabmuslimweddinggirl.bigpakistanimarriage,Hijab Muslim Wedding Girl Big Arranged Marriage,4.2,272339,Beauty
com.cup.photoframe,Couple Cup Photo Frame,0,270011,Beauty
com.planitypublic,Planity,4.3,269643,Beauty
com.andromo.dev516135.app508993,Get Rid Of Dark Underarms Naturally Tips,4.8,269090,Beauty
com.barastudio.editfotopernikahancoupleislami,Islamic Wedding Couple Photo Editor,3.8,268333,Beauty
com.photolab.nailart.magicphotolab,You face Makeup photo editor,4.1,268165,Beauty
com.affinity.my_beauty_rewards,Beauty Rewards: Earn Free Gift Cards & Play Games!,4.2,265323,Beauty
com.eye.color.changer.lenses.photo_editor,Change Eye Color,3.1,261477,Beauty
com.JiangWenyou.PhotoPlasticSurgeryPro,Photo Plastic Surgery Pro,2.7,260854,Beauty
mixerappco.emoji.background.photoeditor,Emoji Background Photo Editor,4.2,260531,Beauty
com.Makeup.Artist.Logo.Design.Maker.OGG,Makeup Artist Logo Design Maker,4.2,259852,Beauty
com.girlymthemess.hdk,Girly m Wallpapers 2020 - Girls Memes,4.1,259697,Beauty
jp.co.rich.android.hair,é«ªå‹ãƒ»ãƒ˜ã‚¢ã‚¹ã‚¿ã‚¤ãƒ«ãƒ»ãƒ˜ã‚¢ã‚¢ãƒ¬ãƒ³ã‚¸ - HAIR,3.7,259254,Beauty
br.com.amanda.cronogramacapilar,DiÃ¡rio Capilar: com cronograma e receitas caseiras,4.2,255687,Beauty
org.appselect.naildesign,Nail Art Designs,3.7,254478,Beauty
com.zsvgmail.fredegar.manicure2,ĞœĞ°Ğ½Ğ¸ĞºÑÑ€ Ğ“ĞµĞ»ÑŒ Ğ›Ğ°Ğº ĞĞ¾Ğ³Ñ‚Ğ¸ 2021,4.4,254088,Beauty
com.EricBROU.Robes_3000_modeles_et_idees,Dresses Ideas & Fashions +3000,4.2,252855,Beauty
com.vmdevloper.ladyhaircutting,Hair Cutting Tutorial Videos,4.1,250478,Beauty
com.scentbird,Scentbird: Online Beauty Shop. Perfume & Cosmetics,4.9,248979,Beauty
com.appinspire.fancymehandidesigns,Unique Stylish & Fancy Mehndi Designs - Henna 2018,3.8,248716,Beauty
com.naouimi.henna,Ù†Ù‚Ø´ Ø­Ù†Ø§Ø¡ 2020,3.9,247833,Beauty
com.microblading_academy.MeasuringTool,PhiApp,4.5,247061,Beauty
selfie.camera.stickers,Selfie Camera Stickers,3.8,245095,Beauty
com.mylittleparis.mylittlebeauty,Boldie,4.6,244130,Beauty
com.arhitector.nail,Ğ”Ğ¸Ğ·Ğ°Ğ¹Ğ½ Ğ½Ğ¾Ğ³Ñ‚ĞµĞ¹ Ğ¸ Ğ¸Ğ´ĞµĞ¸ Ğ¼Ğ°Ğ½Ğ¸ĞºÑÑ€Ğ° Ñ Ñ„Ğ¾Ñ‚Ğ¾ 2021,4.5,240879,Beauty
live.face.fliters,Live Face Filters,3.1,240304,Beauty
impulses.maker.pencilsketch,Pencil Sketch Photo Maker,3.5,237564,Beauty
com.wildDevLabx.threeDCameraPhotoEditor,3D Camera Photo Editor,3.7,236484,Beauty
com.androdevapps.braces,Braces Photo Editor 2021,3.7,236167,Beauty
com.nisaiyat.wsfat,ÙˆØµÙØ§Øª Ù„Ù„Ø´Ø¹Ø± ÙˆØ§Ù„ÙˆØ¬Ù‡ ÙˆØ§Ù„Ø¬Ø³Ù… Ù…Ø¬Ø±Ø¨Ø© Ø¨Ø¯ÙˆÙ† Ø§Ù†ØªØ±Ù†Øª,4.1,234914,Beauty
company.mms2.empoderamentoblackpower,Hair Empowerment,4.6,233333,Beauty
com.hairfallcontroltips.hairlosstreatment,Hair fall Control Tips; Guide & Treatment - Tamil,4,230447,Beauty
br.art.code.mcclegacy,Meu Cronograma Capilar (ClÃ¡ssico),4.1,229838,Beauty
com.golden.wasfatfacemakeup,ÙˆØµÙØ§Øª Ù…ÙƒÙŠØ§Ø¬ Ø§Ù„ÙˆØ¬Ù‡ ÙˆØ§Ù„Ø¹ÙŠÙˆÙ† Ø¨Ø¯ÙˆÙ† Ù†Øª,4,228674,Beauty
com.girls.fashion.entertainment.Family.Haircut.Barber.Salon.Crazy.Beard.Artist,Family Salon Makeup Artist Barber Shop Perm Hairdo,3.6,228283,Beauty
com.rstream.beautyvideos,Beauty tips,3.6,224572,Beauty
com.EricBROU.Kente_styles_ideas,KENTE latest Style Ideas â¤â¤â¤â¤â¤,4.4,223371,Beauty
sweet.snap.art.camera.lite.snap.cat.face.camera,Sweet Editor Camera Lite - Cat Face Camera,4,222935,Beauty
com.agendacapilar.agendacapilar,Agenda Capilar,3.5,220059,Beauty
com.amorepacific.colortailor,ì»¬ëŸ¬í…Œì¼ëŸ¬-ë¦½ìŠ¤í‹± ê²€ìƒ‰ í•„ìˆ˜ ë·°í‹° ì–´í”Œ,3.7,218856,Beauty
best.photo.app.heartcrown,Heart Crown 2018,4,218274,Beauty
best.beard.photo.editor,Beard Photo Editor,3.7,216382,Beauty
com.getskinbliss.skinbliss,Skin Bliss: Skincare; Cosmetics & Beauty,4.6,215168,Beauty
com.mihailbogdanov.pricheskiposhagovo,ĞŸÑ€Ğ¸Ñ‡ĞµÑĞºĞ¸ ĞŸĞ¾ÑˆĞ°Ğ³Ğ¾Ğ²Ğ¾,3.6,214576,Beauty
com.neydroid.new_mehndi.designs,All Mehndi Design 2019,4,213831,Beauty
com.coloringbynumber.dress.glitter.color.by.number.adult.coloring.book,Dress glitter color by number-Paint by Number,3.8,213048,Beauty
com.amibeautiful,Am I Beautiful ?,2.3,212534,Beauty
com.abdominalexercises.absexercisesathome,Abs workout at home: how to lose weight in 30 days,4.7,212097,Beauty
com.photo.prettymakeup.beautyapp.makeover,Makeup Camera: Selfie Editor & Beauty Makeup,4.1,211796,Beauty
com.daat.pila,à¤¦à¤¾à¤¤à¥‹ à¤•à¤¾ à¤ªà¥€à¤²à¤¾à¤ªà¤¨ - 57 à¤˜à¤°à¥‡à¤²à¥‚ à¤‰à¤ªà¤¾à¤¯,4.2,210744,Beauty
com.ankaraladiesdress.primex,ANKARA LADIES DRESS STYLES 2021,4.3,207847,Beauty
enjoy.with.our.apps.beautytips,Beauty Tips,4.1,206600,Beauty
com.utech.mehndidesignsoffline,Mehndi Designs Offline,4.7,205138,Beauty
com.Color.Clothes.Photo.Changer.Dr,Color Clothes Photo Changer,1.7,204585,Beauty
kr.co.yjteam.roadshop,ë¡œë“œìƒµ ì•Œë¦¬ë¯¸ (ë¡œë“œìƒµ ì„¸ì¼ë‹¬ë ¥; ì„¸ì¼ì•Œë¦¼),4.5,204295,Beauty
com.adamas.adamas,ĞĞ”ĞĞœĞĞ¡ Ğ—Ğ¾Ğ»Ğ¾Ñ‚Ñ‹Ğµ ÑƒĞºÑ€Ğ°ÑˆĞµĞ½Ğ¸Ñ,2.4,204198,Beauty
com.Ballerina.Princess.Doll.House.PGA,Ballerina Princess Debut Maker,3.5,203138,Beauty
com.andromo.dev605364.app632678,Mascarillas Naturales,4.2,202246,Beauty
com.rstream.hairstyles,Hairstyles for your face : Free Hair salon,2.5,202218,Beauty
com.makeupforgirls.hba,Ù…ÙŠÙƒ Ø§Ø¨ ØªØ¬Ù…ÙŠÙ„ Ø§Ù„ÙˆØ¬Ù‡,3.6,201029,Beauty
com.perfectcorp.beautycircle,YouCam Shop - World's First AR Makeup Shopping App,4.1,200723,Beauty
me.yenisu.girlymwallpaper,Girly Wallpaper Art 2020,4.5,198415,Beauty
com.kutech.latestnailarts,Latest Nail Art 2020 - Step By Step Tutorials,4,198244,Beauty
com.ikarosita.beautifulcolorcontactlens,Beautiful Color Contact Lens,3.7,197457,Beauty
com.reviewty.reviewty,Reviewty: Má»¹ pháº©m; lÃ m Ä‘áº¹p,4,197194,Beauty
trucosdebelleza.facilesgratis,Beauty tips,3.8,197127,Beauty
com.girlymthemes.me,Girly m Backgrounds And Quotes,4.1,196929,Beauty
photo.selfie.beauty.candy.camera.beautycamplus,HD Camera Selfie Beauty Camera,4,196813,Beauty
beauty.picshop.crown.heart.emoji.camera,Crown Heart Emoji Camera,4,195602,Beauty
com.snapselfie.sweetsnap.livefilters,Filter for Selfie : Sweet Snap Live Filter,4.1,193691,Beauty
com.dsrtech.Men_hairstyle.beard_mustache.stickers.photoeditior,Pocket Salon - Men; Women Mobile Beauty Editor app,3.9,193667,Beauty
com.uala.appandroid,Uala - Book beauty & wellness appointments 24/7,4.8,192132,Beauty
com.thebigapp.agendadasunhas,Nail Organizer - Calendar for Manicures,4.6,191945,Beauty
com.beautysystemsgroup.stylist,CosmoProf: Licensed to Create,3.2,191801,Beauty
top.haircolorchanger,Hair Color Changer,2.7,191401,Beauty
com.ankarashortfashion.tegy24,Ankara Fashion Short Styles 2020,3.9,190148,Beauty
com.shezak.mixit,MIXIT,3.2,189935,Beauty
com.sms.shoe.designer.kids.game,Fashion Shoe Maker Design Stylist,3.8,189671,Beauty
com.bs.brilliantseasons2,Show My Colors - Seasonal Color Palettes,4.5,188999,Beauty
com.develobestskyt.halloweenmukeupideas,halloween makeup ideas,3.9,188133,Beauty
com.appzdreamer.trendingmehndiart,Mehndi Images & Mehndi Designs 2021 - Latest Henna,4.6,187736,Beauty
rainbow.filter.effect.app,Rainbow Filter App,3.8,187699,Beauty
com.rasysa.hairstyledesigner,Rasysa Hairstyle Designer,3.8,185850,Beauty
luxury.art.face.emoji.photo.editor,Face Emoji Photo Editor,4.2,185640,Beauty
com.dsrtech.jeweller,Jeweller - women makeup; HairStyles, Jewellery app,3.8,185070,Beauty
com.gast.tattoo.drawing.ink.inc.tattoo.maker.game,Ink Tattoo Master- Tattoo Drawing & Tattoo Maker,4.1,184974,Beauty
com.OP.TFitness,T Fitness,4.6,184394,Beauty
kr.fitsme.app,í›í”Œ - Alë¡œ í™”ì¥í’ˆ ì¶”ì²œë°›ê¸°,3.1,183932,Beauty
com.filtersfor.snapchat.sweetsnap.snapcamera.filters.amazingsnap,Filters for Snapchat 2021 - Snap Camera Filters,3.8,183828,Beauty
com.FMA.Nail.Salon.Manicure.Game,Fashion Nail Salon + Memory Game,4,183804,Beauty
com.girls.hairstylesstepbystep,Offline Hairstyles Step by Step for Girls,4.4,183276,Beauty
com.ratibeauty.app,Rati Beauty,4.4,183184,Beauty
com.sohakonbill.sowarbanat_girlswallpaper,ØµÙˆØ± Ø¨Ù†Ø§Øª : ØµØ§ÙƒØ§Øª Ø­Ù„ÙˆØ§Øª ÙƒÙŠÙˆØªâ€,4,182104,Beauty
com.alek.manicure,Ğ˜Ğ´ĞµĞ¸ Ğ¼Ğ°Ğ½Ğ¸ĞºÑÑ€Ğ°,4.1,181515,Beauty
com.douaastyle.na9ech,Ù†Ù‚Ø´  Ø­Ù†Ø§Ø¡ Ø±ÙˆØ¹Ø© Henna,4.2,181103,Beauty
com.beautyplus.newdemoapplication,Beauty Studio - Latest Filters For Republic Day,0,181097,Beauty
com.amirez.ami.tooths,Ø·Ø±Ù‚ ØªØ¨ÙŠÙŠØ¶ Ø§Ù„Ø£Ø³Ù†Ø§Ù†,4.6,180490,Beauty
com.marykay.beauty,Mary KayÂ® MirrorMeâ„¢,3.6,180188,Beauty
net.chicworld.fluffylabradorsathairsalon,Fluffy Labradors at Hair Salon,3.8,179859,Beauty
com.marykay.skinsight.android.flavorProd,Mary KayÂ® Skin Analyzer,4.1,179589,Beauty
com.mob1st.ikesaki,Ikesaki,0,178169,Beauty
com.cognivint.cimsg,Men Sunglasses,3.3,178035,Beauty
com.appsdeamor.imagenesdepaisajeshermososparadedicaryfondo,ImÃ¡genes De Paisajes Hermosos Para Dedicar Y Fondo,4.3,177812,Beauty
tes.funnydivertisement.com.hair,School Hairstyles Step By Step; Braiding Hairstyle,3.9,177348,Beauty
com.ramziati.achoraa2019,Ø±Ù…Ø²ÙŠØ§Øª Ø­Ø³ÙŠÙ†ÙŠØ© Ø­Ø²ÙŠÙ†Ø© 2020ğŸ´,4.4,177257,Beauty
com.suhiapps.beautyparlourcoursevideos,Beauty Parlour Course Videos,3.5,176949,Beauty
com.mishree.app.kurti.design.free,New Kurti Design 2021,3.4,176780,Beauty
digbazar.com.easy.makeup,Easy Makeup Tutorial Offline App For Free Use,3.3,176331,Beauty
com.masrio.fats,ÙØ´Ø¯ Ø§Ù„ØªØ±Ù‡Ù„Ø§Øª Ø¨Ø¯ÙˆÙ† Ù…Ø¬Ù‡ÙˆØ¯,4.2,176191,Beauty
com.mda.eye.color.changer.colour.photo.editor.app,Eye Color Changer Photo Editor: Change Eye Colour,3.5,175925,Beauty
com.hair.length.solution,ØªØ·ÙˆÙŠÙ„ Ø§Ù„Ø´Ø¹Ø± Ø¨Ø³Ø±Ø¹Ù‡,4.4,175859,Beauty
aditimistry.joinmy.app,Aditi Mistry Official App,1.7,174502,Beauty
com.applife.lwp.aqua.bubble.photo,Bubble photo live wallpaper with aquarium,3.7,174226,Beauty
net.sumitk.menhairstyles,Hairstyles for Men and Boys: 40K+ latest haircuts,3.5,174205,Beauty
com.revolutionmedia.short.black.women.haircuts,Short Black Women Haircuts,4.2,173757,Beauty
com.moredesignideas.streetfashionmenswagstyle13,Street Fashion Men Swag Style,4,173645,Beauty
com.glasses.photo.editor,Glasses Camera,3.6,172780,Beauty
com.thunkable.android.tayyubapk23304.Rang_gora_karne_ki_tips,Rang gora karne ki tips in urdu,4.1,172449,Beauty
hs.app.skinvibrator,SKIN VIBOR : Massage vibrator strong,3.3,171389,Beauty
com.intellvold.zibaneviss2,Ø²ÛŒØ¨Ø§Ù†ÙˆÛŒØ³ Ø§Ø³Ù…,4.3,171342,Beauty
cheap.makeup.brands,Ğ¡heap makeup shopping. Online cosmetics outlet,4.6,171163,Beauty
com.Fashion.Boutique.Shop.Games.Dr,Fashion Boutique Shop Games,3.3,170706,Beauty
hair.color.changer.easy,Easy Hair Color Changer,3,170214,Beauty
air.com.kigorosa.hausmittel.kosmetik.ad,100 Tipps rund um Kosmetik,4.4,169258,Beauty
com.beautyplus.CollageMaker.youcam,Face Makeup Camera & Beauty Photo Makeup Editor,2.9,168206,Beauty
com.pictures.happymode,Beauty Camera photo editor; Filters 2020,2.8,166923,Beauty
com.mda.hair.eye.color.changer.colour.image.photo.editor,Eye; Hair Color Changer: Makeup Cam Photo Editor,3.1,165708,Beauty
com.golden.hairstylepics,Ø§Ø­Ø¯Ø« ØªØ³Ø±ÙŠØ­Ø§Øª Ø§Ù„Ø´Ø¹Ø± Ø®Ø·ÙˆØ© Ø¨Ø®Ø·ÙˆØ© Ø¨Ø¯ÙˆÙ† Ù†Øª,3.7,165666,Beauty
com.tamilkurinji.azhagukurippu,Beauty Tips in Tamil,4.3,165643,Beauty
com.avec,Avec: serviÃ§os de beleza e agendamento online,3.8,164515,Beauty
com.marykay.mx.xiaofu,SKIN ANALYZER MARY KAYÂ®,4.2,163789,Beauty
com.girlymworlds.full,Girly_m Images Art - Classy Outfits,4.2,163784,Beauty
com.masrio.breastnbuttenlargement,ØªÙƒØ¨ÙŠØ± ÙˆØ´Ø¯ Ø§Ù„ØµØ¯Ø± ÙˆØ§Ù„Ù…Ø¤Ø®Ø±Ù‡ Ø·Ø¨ÙŠØ¹ÙŠØ§ Ø¨Ø¯ÙˆÙ† Ù…Ø¬Ù‡ÙˆØ¯,3.9,163621,Beauty
com.yogames.tobperfectar,Ø§Ù„Ù…Ø±Ø£Ø© Ø§Ù„Ù…Ø«Ø§Ù„ÙŠØ©,4.5,162982,Beauty
com.build.mobile.apps.loseFaceFat20200326,How To Lose Face Fat,3,162828,Beauty
com.sliimfit.women.burnfat.homeworkout,SLiimFit: Workout Women; Abs Workout, Weight Loss,4.7,161906,Beauty
com.ikarosita.makeupbeautycamera,Makeup Beauty Camera,3.9,160860,Beauty
com.nabilsoft.daily_hairstyles_for_girls,Hairstyles For Girls at Home,4.4,160699,Beauty
net.chicworld.myunicornbeautysalon,My Unicorn Beauty Salon,3.7,160182,Beauty
com.mahbup.salbaglamamodel,Shawl binding models,4.1,159788,Beauty
dogalcilt.com,Cilt BakÄ±mÄ± DoÄŸal Tarifler,3.2,158746,Beauty
com.EricBROU.modele_coiffure_natte_et_tresse,Latest fashion hairstyle â™¥â™¥â™¥â™¥â™¥,4.2,158648,Beauty
in.perfectsquares.beautytips.kannada,Kannada Beauty Tips & Home Remedies (à²¸à³Œà²‚à²¦à²°à³à²¯ à²¸à²²à²¹à³†),4,157439,Beauty
com.faceemake.up,Face.Makeup.Hairstyle,3.2,156767,Beauty
com.spapian.salwarneckdesigns,Salwar Neck Designs,3.6,154800,Beauty
net.andromo.dev554305.app683201,Fitness. Rutinas para el Gym,4.4,154053,Beauty
com.femmes.recettesBeauteNaturelle,Recettes BeautÃ© Naturelle,3.9,154027,Beauty
com.applucinante.weddinghairstyles,Wedding hairstyles 2018,4.4,153459,Beauty
com.farmasi.rehberi,Kendi Ä°ÅŸin,4.6,152132,Beauty
com.esalna.wasafatsahrawiat,ÙˆØµÙØ§Øª ØµØ­Ø±Ø§ÙˆÙŠØ© Ù…Ø¬Ø±Ø¨Ø©,3.9,151588,Beauty
com.beautydate,Beauty Date - Beauty Salon,0,151240,Beauty
air.com.winkypinky.fluffypuppyplayandcare,Fluffy Puppy Play and Care,4,150461,Beauty
littleappas.coffinnails,Coffin Nails,4.7,148320,Beauty
com.tz.naturephotoframes,Nature Photo Frames,4,148298,Beauty
com.andromo.dev516135.app585099,Get Rid of Body Stretch Marks Naturally,4.5,147665,Beauty
com.superdiva.selfiemakeup.facemakeup,Face Makeup & Beauty Selfie Makeup Photo Editor,3.6,147497,Beauty
com.zddapps.beautytips,à¤¸à¥Œà¤‚à¤¦à¤°à¥à¤¯ à¤Ÿà¤¿à¤ªà¥à¤¸ | Beauty Tips,0,147422,Beauty
smaartgr.nail.art,Nail Art,4.1,147184,Beauty
net.myappdata.facetype,é¡”å‹è¨ºæ–­ã§ãƒ¢ãƒ†é«ªï¼†æ€§æ ¼åˆ†æ,0,147046,Beauty
website.pawanth.truefacemirror,True Face Mirror,3.4,146701,Beauty
press.laurier.app,ãƒ­ãƒ¼ãƒªã‚¨ãƒ—ãƒ¬ã‚¹ - ãƒ¡ã‚¤ã‚¯ã€ã‚³ã‚¹ãƒ¡ã€ãƒ•ã‚¡ãƒƒã‚·ãƒ§ãƒ³ãŒåˆ†ã‹ã‚‹ï¼ç„¡æ–™ãŠã—ã‚ƒã‚Œæƒ…å ±ã‚¢ãƒ—ãƒª,4.3,145709,Beauty
com.vinnabeauty.android.vinna,cherie - Your Social Beauty App,4.2,144943,Beauty
com.trendi.beauty_tips,Beauty Tips,4,144350,Beauty
com.promdress.photoeditor.faceinhole.dressup,Prom Dress Photo Editor â€“ Face In Hole Dress Up,3.6,143488,Beauty
com.andromo.dev516135.app509022,Natural Skin Lightening Remedies And Treatments,4.2,142078,Beauty
net.recetasdemiabuela.tipsdebelleza,Tips De Belleza,4.5,142068,Beauty
luxury.art.hair.tryon,Hair Try On,2,141475,Beauty
com.Wallpapers.ViberMessenger,Wallpapers for Viber Messenger and Chat,3.6,140915,Beauty
com.whiteningskinn.bashratafteh,ØªÙØªÙŠØ­ Ø§Ù„Ø¨Ø´Ø±Ø© Ø¨Ø³Ø±Ø¹Ø©,4.1,138956,Beauty
com.woman.hairstyle.camera,Woman Hairstyle Camera,3.5,138926,Beauty
pl.cogitech.neonail,NeoNail,0,138025,Beauty
cover.maker.face.sweet.sefies,Face Selfie Beauty Photo Camera Editor,3.5,137393,Beauty
yamayka.apps.BeautyNails,Beautiful Nails,4.2,137279,Beauty
livql.footmehndidesigns,Foot Mehndi Designs 2021 Latest,4.2,137202,Beauty
com.mirrorapp.magnifier.camera.mirror.mirrorcam.editor,Smart Mirror HD : Makeup Mirror & Vanity Mirror,4.1,136958,Beauty
basortubaglama.snstu.com.basortubaglamasekilleri,Hijab Fashion 2018,4.3,136928,Beauty
com.dsrtech.lipsy,Lipsy - Face Editing; Eye, Lips, Hairstyles Makeup,3.3,136143,Beauty
com.LatestAfricandressModel.RSMApps,Latest African dress Model,4.2,135385,Beauty
com.bigappsstore.beautytipsinhindi,1000+ Beauty tips in hindi,3.9,135115,Beauty
skincare.facecare.fullbodycare.beautychallange.beauty.a30daybeautycare,30 Days Makeover - Beauty Care at Home,4.1,134497,Beauty
com.free.beauty.catalogs.avon.sng,ĞšĞ°Ñ‚Ğ°Ğ»Ğ¾Ğ³ Ğ­Ğ¹Ğ²Ğ¾Ğ½ ĞĞ½Ğ»Ğ°Ğ¹Ğ½ - Ğ Ğ¾ÑÑĞ¸Ñ Ğ£ĞºÑ€Ğ°Ğ¸Ğ½Ğ° ĞšĞ°Ğ·Ğ°Ñ…ÑÑ‚Ğ°Ğ½,4.5,134293,Beauty
app.sowar.banat,Beautiful Girls Pictures,4.1,134222,Beauty
com.helenasoft.stepbystepeyemakeup,Eye MakeUp (Step by Step),4,133784,Beauty
com.ankaracasualstylishstyles.tegy,ANKARA CASUAL STYLISH STYLES 2020,4.3,133776,Beauty
african.fashion,African Fashion Trends,3.9,133397,Beauty
com.funkoder.gnadermodels,Ù…ÙˆØ¯ÙŠÙ„Ø§Øª Ù‚Ù†Ø§Ø¯Ø± ØµÙŠÙ 2021 Ù„Ù„Ø¨Ù†Ø§Øª,3.7,133322,Beauty
com.Hairstyle.Camera.Beauty.Hair.Changer.Photo.Edit,Hairstyle Camera Beauty : Hair Changer Photo Edit,2.8,133083,Beauty
com.Bling2Bling.MenHairstylesetmyface,Men Hairstyle set my face,2,132773,Beauty
net.sumitk.womenhairstyles,Hairstyles Step by Step Guides for Girls,4.1,132093,Beauty
com.marvelstudio.hairoils,Ø£Ù†ÙˆØ§Ø¹ Ø²ÙŠÙˆØª Ø§Ù„Ø´Ø¹Ø± - ÙÙˆØ§Ø¦Ø¯ Ø²ÙŠÙˆØª Ø§Ù„Ø´Ø¹Ø± Ø¨Ø¯ÙˆÙ† Ù†Øª,4.4,131332,Beauty
com.svrlabs.girl.attitude.status,Girls Status Collection 2018,4.1,130602,Beauty
com.loukak.dine,Ø§Ø±ÙˆØ¹ Ø®Ù„ÙÙŠØ§Øª Ø¯ÙŠÙ†ÙŠØ© Ø§Ø³Ù„Ø§Ù…ÙŠØ© Ù…ØªØ­Ø±ÙƒØ©,4.7,130517,Beauty
com.hello.HairSalonPrincessPrince,Hair Salon - Princess & Prince,3.7,130202,Beauty
littleappas.acrylicnaildesigns,Acrylic Nails Art | Nails,4,129251,Beauty
com.freshapps.chuler_jotno,à¦šà§à¦²à§‡à¦° à¦¯à¦¤à§à¦¨ hair care tips in bangla,4.3,129248,Beauty
beauty.skin.care.app,Skincare and Face Care Routine,3.4,129008,Beauty
arine.jp.arine,å¥³æ€§ã®ãƒ˜ã‚¢ã‚„ã‚³ã‚¹ãƒ¡ãªã©ã®ç¾å®¹ãƒˆãƒ¬ãƒ³ãƒ‰æƒ…å ±ã‚¢ãƒ—ãƒª ARINE(ã‚¢ãƒªãƒ),4.1,126894,Beauty
com.beautyplus.beauty.plus.beautycamplus.selficamera.beautycamera.sweetcamera,Beauty Plus - Beauty Plus Camera,3.7,126809,Beauty
com.amirez.ami.lips,ØªØ±Ø·ÙŠØ¨ ÙˆØ¬Ø¹Ù„ Ø§Ù„Ø´ÙØ§Ù‡ Ø­Ù…Ø±Ø§Ø¡,4.1,126410,Beauty
mixerappco.fashion.camera,Fashion Camera Photo Editor - Motion Stickers,4.1,125790,Beauty
yamayka.apps.dress,Beautiful Dresses,4.2,125706,Beauty
